-- Strand of the Ancients
-- Rigger Sparklight
UPDATE creature_template SET npcflag = 1 WHERE entry IN (29260, 29262);
-- Demolishers and Cannons
UPDATE creature_template SET IconName = "vehichleCursor", Spell1 = 52338, Spell2 = 60206, RegenHealth = 0 WHERE entry = 28781;
UPDATE creature_template SET IconName = "Gunner", unit_flags = unit_flags | 4, Spell1 = 49872, RegenHealth = 0 WHERE entry = 27894;

DELETE FROM npc_spellclick_spells WHERE npc_entry IN (28781, 27894);
INSERT INTO npc_spellclick_spells VALUES
(28781, 75648, 0, 0, 0, 1),
(27894, 75648, 0, 0, 0, 1);

-- Doors
UPDATE gameobject_template SET faction = 14 WHERE entry IN (192549, 190727, 190726, 190723, 190724, 190722);
-- make Titan Relic clickable (hack, must be done via core, when door to Chamber of Ancient Relics is destroyed)
UPDATE gameobject_template SET flags=flags&~16 WHERE entry = 192829;
-- make Defender's Portal usable by all factions (rest is handled by script)
UPDATE gameobject_template SET faction=0 WHERE entry = 191575;
-- set factions for 2 Massive Seaforium Bombs
UPDATE `gameobject_template` SET faction = 3 WHERE entry = 190753;
UPDATE `gameobject_template` SET faction = 6 WHERE entry = 194086;
-- bombs info
UPDATE `gameobject_template` SET data4 = 1, data5 = 26, data7 = 10 WHERE entry = 190752;
-- Titan Relic
DELETE FROM gameobject WHERE guid IN (200001, 200002, 200003, 200004, 200005, 200006, 200007);
INSERT INTO gameobject VALUES
(200001, 192829, 607, 3, 1, 836.502, -108.811, 111.587, 0.121379, 0, 0, 0.0606524, 0.998159, 5, 0, 1),
(200002, 190727, 607, 3, 1, 1054.47, -107.76, 82.16, 0.06, 0, 0, 0.008726535, 0.9999619, 600, 0, 1),
(200003, 190726, 607, 3, 1, 1228.62, -212.12, 55.34, 0.48, 0, 0, 0.008726535, 0.9999619, 600, 0, 1),
(200004, 190723, 607, 3, 1, 1215.82, 80.64, 53.38, 5.68, 0, 0, 0.008726535, 0.9999619, 600, 0, 1),
(200005, 190724, 607, 3, 1, 1431.05, -219.21, 30.89, 0.83, 0, 0, 0.008726535, 0.9999619, 600, 0, 1),
(200006, 190722, 607, 3, 1, 1413.15, 107.78, 28.69, 5.42, 0, 0, 0.008726535, 0.9999619, 600, 0, 1),
(200007, 192549, 607, 3, 1, 873.3, -108.286, 117.171, 0.00894308, 0, 0, 0.00447152, 0.99999, 600, 0, 1);
DELETE FROM gameobject_battleground WHERE guid in (200001, 200002, 200003, 200004, 200005, 200006, 200007);
INSERT INTO gameobject_battleground VALUES
(200001, 8, 0),
(200002, 8, 0),
(200003, 8, 0),
(200004, 8, 0),
(200005, 8, 0),
(200006, 8, 0),
(200007, 8, 0);
-- Rigger Sparklight
DELETE FROM creature WHERE guid IN (200001, 200002, 200003, 200004, 200005, 200006, 200007, 200008, 200009, 200010, 200011, 200012, 200013, 200014, 200015, 200016, 200027, 200028, 200029, 200030);
INSERT INTO creature VALUES
(200001, 29260, 607, 3, 1, 0, 0, 1360.81, -322.18, 36.83, 0.32, 800, 0, 0, 6986, 0, 0, 0),
(200002, 29262, 607, 3, 1, 0, 0, 1363.87, 220.95, 37.06, 2.67, 800, 0, 0, 6986, 0, 0, 0),
-- Antipersonnel Cannon
(200003, 27894, 607, 3, 1, 0, 0, 1421.94, -196.53, 42.18, 0.90, 600, 0, 0, 25000, 0, 0, 0),
(200004, 27894, 607, 3, 1, 0, 0, 1454.60, -220.736, 41.95, 1.03, 600, 0, 0, 25000, 0, 0, 0),
(200005, 27894, 607, 3, 1, 0, 0, 1405.33, 84.25, 41.18, 5.40, 600, 0, 0, 25000, 0, 0, 0),
(200006, 27894, 607, 3, 1, 0, 0, 1436.51, 110.02, 41.40, 5.32, 600, 0, 0, 25000, 0, 0, 0),
(200007, 27894, 607, 3, 1, 0, 0, 1236.33, 92.17, 64.96, 5.68, 600, 0, 0, 25000, 0, 0, 0),
(200008, 27894, 607, 3, 1, 0, 0, 1215.04, 57.73, 64.73, 5.71, 600, 0, 0, 25000, 0, 0, 0),
(200009, 27894, 607, 3, 1, 0, 0, 1232.35, -187.34, 66.94, 0.37, 600, 0, 0, 25000, 0, 0, 0),
(200010, 27894, 607, 3, 1, 0, 0, 1249.35, -224.14, 66.72, 0.43, 600, 0, 0, 25000, 0, 0, 0),
(200011, 27894, 607, 3, 1, 0, 0, 1068.82, -127.38, 96.44, 0.06, 600, 0, 0, 25000, 0, 0, 0),
(200012, 27894, 607, 3, 1, 0, 0, 1068.35, -87.04, 93.80, 6.24, 600, 0, 0, 25000, 0, 0, 0),
-- Battleground Demolisher
(200013, 28781, 607, 3, 1, 0, 0, 1587.57, -153.87, 1.57, 3.22, 20, 0, 0, 50000, 0, 0, 0),
(200014, 28781, 607, 3, 1, 0, 0, 1610.55, -117.52, 8.77, 2.44, 20, 0, 0, 50000, 0, 0, 0),
(200015, 28781, 607, 3, 1, 0, 0, 1594.24, 39.16, 7.49, 0.62, 20, 0, 0, 50000, 0, 0, 0),
(200016, 28781, 607, 3, 1, 0, 0, 1560.60, 64.46, 1.72, 1.91, 20, 0, 0, 50000, 0, 0, 0),
(200027, 28781, 607, 3, 1, 0, 0, 1353.28, 224.092, 35.2432, 4.35363, 120, 5, 0, 50000, 0, 0, 0),
(200028, 28781, 607, 3, 1, 0, 0, 1347.65, 208.805, 34.2892, 4.39378, 120, 5, 0, 50000, 0, 0, 0),
(200029, 28781, 607, 3, 1, 0, 0, 1371.2, -317.169, 34.9982, 1.93504, 120, 5, 0, 50000, 0, 0, 0),
(200030, 28781, 607, 3, 1, 0, 0, 1365.52, -301.854, 34.0439, 1.91998, 120, 5, 0, 50000, 0, 0, 0);
DELETE FROM creature_battleground WHERE guid in (200001, 200002, 200003, 200004, 200005, 200006, 200007, 200008, 200009, 200010, 200011, 200012, 200013, 200014, 200015, 200016, 200027, 200028, 200029, 200030);
INSERT INTO creature_battleground VALUES
(200001, 7, 0),
(200002, 7, 0),
(200003, 7, 0),
(200004, 7, 0),
(200005, 7, 0),
(200006, 7, 0),
(200007, 7, 0),
(200008, 7, 0),
(200009, 7, 0),
(200010, 7, 0),
(200011, 7, 0),
(200012, 7, 0),
(200013, 7, 0),
(200014, 7, 0),
(200015, 7, 0),
(200016, 7, 0),
(200027, 10, 0),
(200028, 10, 0),
(200029, 9, 0),
(200030, 9, 0);
DELETE FROM battleground_events WHERE map = 607;
INSERT INTO battleground_events VALUES
(607, 254, 0, 'Door'),
(607, 6, 0, 'Bomb ALLIANCE'),
(607, 6, 1, 'Bomb HORDE'),
(607, 5, 3, 'Spirit for controll ALLIANCE'),
(607, 5, 4, 'Spirit for controll HORDE'),
(607, 8, 0, 'Spawn all GO'),
(607, 9, 0, 'Spawn Vehicle E'),
(607, 10, 0, 'Spawn Vehicle W'),
(607, 7, 0, 'Spawn all NPC'),
(607, 0, 1, 'A ocup'),
(607, 0, 2, 'H ocup'),
(607, 0, 3, 'A seizes'),
(607, 0, 4, 'H seizes'),
(607, 1, 1, 'A ocup'),
(607, 1, 2, 'H ocup'),
(607, 1, 3, 'A seizes'),
(607, 1, 4, 'H seizes'),
(607, 2, 1, 'A ocup'),
(607, 2, 2, 'H ocup'),
(607, 2, 3, 'A seizes'),
(607, 2, 4, 'H seizes');
-- Horde and Alliance Spirit Guide
DELETE FROM creature WHERE guid in (200017, 200018, 200019, 200020, 200021, 200022, 200023, 200024, 200025, 200026);
INSERT INTO creature (guid, id, map, spawnMask, phaseMask, modelid, equipment_id, position_x, position_y, position_z, orientation, spawntimesecs, spawndist, currentwaypoint, curhealth, curmana, DeathState, MovementType) VALUES
(200017, 13117, 607, 3, 1, 0, 0, 1448.78, -52.9605, 5.74272, 0.0530517, 25, 0, 0, 37420, 6310, 0, 0),
(200018, 13116, 607, 3, 1, 0, 0, 1448.78, -52.9605, 5.74272, 0.0530517, 25, 0, 0, 37890, 6310, 0, 0),
(200019, 13117, 607, 3, 1, 0, 0, 1389.22, 205.673, 32.0597, 4.445, 25, 0, 0, 37420, 6310, 0, 0),
(200020, 13116, 607, 3, 1, 0, 0, 1389.22, 205.673, 32.0597, 4.445, 25, 0, 0, 37890, 6310, 0, 0),
(200021, 13117, 607, 3, 1, 0, 0, 1400.49, -293.963, 32.0608, 2.08096, 25, 0, 0, 37420, 6310, 0, 0),
(200022, 13116, 607, 3, 1, 0, 0, 1400.49, -293.963, 32.0608, 2.08096, 25, 0, 0, 37890, 6310, 0, 0),
(200023, 13117, 607, 3, 1, 0, 0, 1111.58, 6.40605, 69.2963, 6.20037, 25, 0, 0, 37420, 6310, 0, 0),
(200024, 13116, 607, 3, 1, 0, 0, 1111.58, 6.40605, 69.2963, 6.20037, 25, 0, 0, 37890, 6310, 0, 0),
(200025, 13117, 607, 3, 1, 0, 0, 952.963, -192.742, 92.3584, 0.35779, 25, 0, 0, 37420, 6310, 0, 0),
(200026, 13116, 607, 3, 1, 0, 0, 952.963, -192.742, 92.3584, 0.35779, 25, 0, 0, 37890, 6310, 0, 0);
DELETE FROM creature_battleground WHERE guid in (200017, 200018, 200019, 200020, 200021, 200022, 200023, 200024, 200025, 200026);
INSERT INTO creature_battleground VALUES
(200017, 5, 3),
(200018, 5, 4),
(200025, 5, 4),
(200026, 5, 3),
(200019, 1, 4),
(200020, 1, 3),
(200021, 0, 4),
(200022, 0, 3),
(200023, 2, 4),
(200024, 2, 3);
DELETE FROM mangos_string WHERE entry IN (20000, 20001, 20002, 20003, 20004, 20005, 20006, 20007, 20008, 20009, 20010, 20011, 20012, 20013, 20014, 20015, 20016, 20017, 20018, 20019, 20020, 20021, 20022);
INSERT INTO mangos_string VALUES
(20000, 'The battle for Strand of the Ancients begins in 2 minutes.', NULL, NULL, NULL, NULL, NULL, NULL, NULL, '????? ?? ????? ??????? ???????? ????? 2 ??????.'),
(20001, 'The battle for Strand of the Ancients begins in 1 minute.', NULL, NULL, NULL, NULL, NULL, NULL, NULL, '????? ?? ????? ??????? ???????? ????? 1 ??????.'),
(20002, 'The battle for Strand of the Ancients begins in 30 seconds.', NULL, NULL, NULL, NULL, NULL, NULL, NULL, '????? ?? ????? ??????? ???????? ????? 30 ??????.'),
(20003, 'Let the battle for Strand of the Ancients begin!', NULL, NULL, NULL, NULL, NULL, NULL, NULL, '????? ?? ????? ??????? ????????!'),

(20004, 'The %s is under attack!', NULL, NULL, NULL, NULL, NULL, NULL, NULL, '%s ?????????!'),
(20005, 'The %s is damaged!', NULL, NULL, NULL, NULL, NULL, NULL, NULL, '%s ??????????!'),
(20006, 'The %s was destroyed!', NULL, NULL, NULL, NULL, NULL, NULL, NULL, '%s ?????????!'),

(20007, 'Gate of the Green Emerald', NULL, NULL, NULL, NULL, NULL, NULL, NULL, '????? ???????? ????????'),
(20008, 'Gate of the Blue Sapphire', NULL, NULL, NULL, NULL, NULL, NULL, NULL, '????? ?????? ???????'),
(20009, 'Gate of the Purple Amethyst', NULL, NULL, NULL, NULL, NULL, NULL, NULL, '????? ???????? ????????'),
(20010, 'Gate of the Red Sun', NULL, NULL, NULL, NULL, NULL, NULL, NULL, '????? ???????? ??????'),
(20011, 'Gate of the Yellow Moon', NULL, NULL, NULL, NULL, NULL, NULL, NULL, '????? ?????? ????'),
(20012, 'Chamber of Ancient Relics', NULL, NULL, NULL, NULL, NULL, NULL, NULL, '??????? ??????? ???????'),

(20013, '%s precipitates %s!', NULL, NULL, NULL, NULL, NULL, NULL, NULL, '%s ???????? %s!'),
(20014, '%s takes over %s!', NULL, NULL, NULL, NULL, NULL, NULL, NULL, '%s ???????? %s!'),
(20015, 'East Graveyard', NULL, NULL, NULL, NULL, NULL, NULL, NULL, '????????? ????????'),
(20016, 'West Graveyard', NULL, NULL, NULL, NULL, NULL, NULL, NULL, '???????? ????????'),
(20017, 'South Graveyard', NULL, NULL, NULL, NULL, NULL, NULL, NULL, '????? ????????'),
(20018, 'Seaforium Charge has been planted!', NULL, NULL, NULL, NULL, NULL, NULL, NULL, '$n ??????? ?????!'),

(20019, 'The Alliance won the first round, the Titan Relic was captured!', NULL, NULL, NULL, NULL, NULL, NULL, NULL, '?????? ??????? ?????? ?????, ???????? ??????? ?????????!'),
(20020, 'The Horde won the first round, the Relic of Titan was captured!', NULL, NULL, NULL, NULL, NULL, NULL, NULL, '???? ???????? ?????? ?????, ???????? ??????? ?????????!'),
(20021, 'The Horde won the second round, the Relic of Titan was captured!', NULL, NULL, NULL, NULL, NULL, NULL, NULL, '???? ???????? ?????? ?????, ???????? ??????? ?????????!'),
(20022, 'The Alliance won the second round, the Relic of Titan was captured!', NULL, NULL, NULL, NULL, NULL, NULL, NULL, '?????? ??????? ?????? ?????, ???????? ??????? ?????????!');

DELETE FROM mangos_string WHERE entry IN (20024, 20025, 20026, 20027, 20028, 20029, 20030, 20031, 20032, 20033, 20034, 20035, 20036, 20037, 20038, 20039, 20040, 20041, 20042, 20043, 20044, 20045, 20046, 20047, 20048, 20049);
INSERT INTO mangos_string VALUES
(20024, 'The Horde defended East Graveyard!', NULL, NULL, NULL, NULL, NULL, NULL, NULL, '???? ??????? ????????? ????????!'),
(20025, 'The Horde defended West Graveyard!', NULL, NULL, NULL, NULL, NULL, NULL, NULL, '???? ??????? ???????? ????????!'),
(20026, 'The Horde defended South Graveyard!', NULL, NULL, NULL, NULL, NULL, NULL, NULL, '???? ??????? ????? ????????!'),
(20027, 'The Alliance defended East Graveyard!', NULL, NULL, NULL, NULL, NULL, NULL, NULL, '?????? ??????? ????????? ????????!'),
(20028, 'The Alliance defended West Graveyard!', NULL, NULL, NULL, NULL, NULL, NULL, NULL, '?????? ??????? ???????? ????????!'),
(20029, 'The Alliance defended South Graveyard!', NULL, NULL, NULL, NULL, NULL, NULL, NULL, '?????? ??????? ????? ????????!'),

(20030, 'The Horde has taken East Graveyard!', NULL, NULL, NULL, NULL, NULL, NULL, NULL, '???? ????????? ????????? ????????!'),
(20031, 'The Horde has taken West Graveyard!', NULL, NULL, NULL, NULL, NULL, NULL, NULL, '???? ????????? ???????? ????????!'),
(20032, 'The Horde has taken South Graveyard!', NULL, NULL, NULL, NULL, NULL, NULL, NULL, '???? ????????? ????? ????????!'),
(20033, 'The Alliance has taken East Graveyard!', NULL, NULL, NULL, NULL, NULL, NULL, NULL, '?????? ???????? ????????? ????????!'),
(20034, 'The Alliance has taken West Graveyard!', NULL, NULL, NULL, NULL, NULL, NULL, NULL, '?????? ???????? ???????? ????????!'),
(20035, 'The Alliance has taken South Graveyard!', NULL, NULL, NULL, NULL, NULL, NULL, NULL, '?????? ???????? ????? ????????!'),

(20036, 'The Chamber of Ancient Relics was destroyed!', NULL, NULL, NULL, NULL, NULL, NULL, NULL, '??????? ??????? ??????? ?????????!'),
(20037, 'The Gate of the Green Emerald was destroyed!', NULL, NULL, NULL, NULL, NULL, NULL, NULL, '????? ???????? ???????? ?????????!'),
(20038, 'The Gate of the Blue Sapphire was destroyed!', NULL, NULL, NULL, NULL, NULL, NULL, NULL, '????? ?????? ??????? ?????????!'),
(20039, 'The Gate of the Purple Amethyst was destroyed!', NULL, NULL, NULL, NULL, NULL, NULL, NULL, '????? ???????? ???????? ?????????!'),
(20040, 'The Gate of the Red Sun was destroyed!', NULL, NULL, NULL, NULL, NULL, NULL, NULL, '????? ???????? ?????? ?????????!'),
(20041, 'The Gate of the Yellow Moon was destroyed!', NULL, NULL, NULL, NULL, NULL, NULL, NULL, '????? ?????? ???? ?????????!'),

(20042, 'The Chamber of Ancient Relics is damaged!', NULL, NULL, NULL, NULL, NULL, NULL, NULL, '??????? ??????? ??????? ??????????!'),
(20043, 'The Gate of the Green Emerald is damaged!', NULL, NULL, NULL, NULL, NULL, NULL, NULL, '????? ???????? ???????? ??????????!'),
(20044, 'The Gate of the Blue Sapphire is damaged!', NULL, NULL, NULL, NULL, NULL, NULL, NULL, '????? ?????? ??????? ??????????!'),
(20045, 'The Gate of the Purple Amethyst is damaged!', NULL, NULL, NULL, NULL, NULL, NULL, NULL, '????? ???????? ???????? ??????????!'),
(20046, 'The Gate of the Red Sun is damaged!', NULL, NULL, NULL, NULL, NULL, NULL, NULL, '????? ???????? ?????? ??????????!'),
(20047, 'The Gate of the Yellow Moon is damaged!', NULL, NULL, NULL, NULL, NULL, NULL, NULL, '????? ?????? ???? ??????????!'),

(20048, 'Round 1 finished!', NULL, NULL, NULL, NULL, NULL, NULL, NULL, '?????? ??????? ?????? ?????, ???????? ??????? ?????????!'),
(20049, 'Round 1 finished!', NULL, NULL, NULL, NULL, NULL, NULL, NULL, '?????? ??????? ?????? ?????, ???????? ??????? ?????????!');

DELETE FROM gameobject WHERE guid IN (200008, 200009, 200010, 200011, 200012, 200013, 200014, 200015, 200016, 200017, 200018, 200019, 200020, 200021, 200022, 200023, 200024, 200025, 200026, 200027, 200028);
INSERT INTO gameobject VALUES
(200008, 180058, 607, 3, 1, 1337.23, -157.79, 30.8947, 3.51587, 0, 0, 0.982541, -0.186048, 86400, 100, 1), -- Alliance Banner
(200009, 180059, 607, 3, 1, 1337.23, -157.79, 30.8947, 3.51587, 0, 0, 0.982541, -0.186048, 86400, 100, 1), -- Contested Banner
(200010, 180060, 607, 3, 1, 1337.23, -157.79, 30.8947, 3.51587, 0, 0, 0.982541, -0.186048, 86400, 100, 1), -- Horde Banner
(200011, 180061, 607, 3, 1, 1337.23, -157.79, 30.8947, 3.51587, 0, 0, 0.982541, -0.186048, 86400, 100, 1), -- Contested Banner
(200012, 180100, 607, 3, 1, 1337.23, -157.79, 30.8947, 3.51587, 0, 0, 0.982541, -0.186048, 86400, 100, 1), -- Alliance Banner Aura
(200013, 180101, 607, 3, 1, 1337.23, -157.79, 30.8947, 3.51587, 0, 0, 0.982541, -0.186048, 86400, 100, 1), -- Horde Banner Aura
(200014, 191311, 607, 3, 1, 1337.23, -157.79, 30.8947, 3.51587, 0, 0, 0.982541, -0.186048, 86400, 100, 1), -- Flagpole

(200015, 180058, 607, 3, 1, 1315.55, 11.8483, 31.2072, 2.85221, 0, 0, 0.989551, 0.144186, 86400, 100, 1), -- Alliance Banner
(200016, 180059, 607, 3, 1, 1315.55, 11.8483, 31.2072, 2.85221, 0, 0, 0.989551, 0.144186, 86400, 100, 1), -- Contested Banner
(200017, 180060, 607, 3, 1, 1315.55, 11.8483, 31.2072, 2.85221, 0, 0, 0.989551, 0.144186, 86400, 100, 1), -- Horde Banner
(200018, 180061, 607, 3, 1, 1315.55, 11.8483, 31.2072, 2.85221, 0, 0, 0.989551, 0.144186, 86400, 100, 1), -- Contested Banner
(200019, 180100, 607, 3, 1, 1315.55, 11.8483, 31.2072, 2.85221, 0, 0, 0.989551, 0.144186, 86400, 100, 1), -- Alliance Banner Aura
(200020, 180101, 607, 3, 1, 1315.55, 11.8483, 31.2072, 2.85221, 0, 0, 0.989551, 0.144186, 86400, 100, 1), -- Horde Banner Aura
(200021, 191311, 607, 3, 1, 1315.55, 11.8483, 31.2072, 2.85221, 0, 0, 0.989551, 0.144186, 86400, 100, 1), -- Flagpole

(200022, 180058, 607, 3, 1, 1206.8, -68.2148, 70.0845, 3.14279, 0, 0, 1, -0.00059919, 86400, 100, 1), -- Alliance Banner
(200023, 180059, 607, 3, 1, 1206.8, -68.2148, 70.0845, 3.14279, 0, 0, 1, -0.00059919, 86400, 100, 1), -- Contested Banner
(200024, 180060, 607, 3, 1, 1206.8, -68.2148, 70.0845, 3.14279, 0, 0, 1, -0.00059919, 86400, 100, 1), -- Horde Banner
(200025, 180061, 607, 3, 1, 1206.8, -68.2148, 70.0845, 3.14279, 0, 0, 1, -0.00059919, 86400, 100, 1), -- Contested Banner
(200026, 180100, 607, 3, 1, 1206.8, -68.2148, 70.0845, 3.14279, 0, 0, 1, -0.00059919, 86400, 100, 1), -- Alliance Banner Aura
(200027, 180101, 607, 3, 1, 1206.8, -68.2148, 70.0845, 3.14279, 0, 0, 1, -0.00059919, 86400, 100, 1), -- Horde Banner Aura
(200028, 191311, 607, 3, 1, 1206.8, -68.2148, 70.0845, 3.14279, 0, 0, 1, -0.00059919, 86400, 100, 1); -- Flagpole
DELETE FROM gameobject_battleground WHERE guid IN (200008, 200009, 200010, 200011, 200012, 200013, 200014, 200015, 200016, 200017, 200018, 200019, 200020, 200021, 200022, 200023, 200024, 200025, 200026, 200027, 200028, 200029, 200030, 200031, 200032, 200033, 200034, 200035, 200036, 200037, 200038, 200039, 200040, 200041, 200042, 200043, 200044, 200045, 200046, 200047, 200048, 200049, 200050, 200051, 200052, 200053, 200054, 200055, 200056, 200057, 200058, 200059, 200060, 200061, 200062, 200063, 200064, 200065, 200066, 200067, 200068, 200069, 200070, 200071, 200072, 200073, 200074, 200075, 200076, 200077, 200078, 200079, 200080, 200081, 200082, 200083, 200084, 200085, 200113, 200114);
INSERT INTO gameobject_battleground VALUES
(200008, 0, 3),
(200009, 0, 1),
(200010, 0, 4),
(200011, 0, 2),
(200012, 0, 3),
(200013, 0, 4),
(200014, 8, 0),
(200015, 1, 3),
(200016, 1, 1),
(200017, 1, 4),
(200018, 1, 2),
(200019, 1, 3),
(200020, 1, 4),
(200021, 8, 0),
(200022, 2, 3),
(200023, 2, 1),
(200024, 2, 4),
(200025, 2, 2),
(200026, 2, 3),
(200027, 2, 4),
(200028, 8, 0),
(200029, 8, 0),
(200030, 8, 0),
(200031, 8, 0),
(200032, 8, 0),
(200033, 8, 0),
(200034, 8, 0),
(200035, 8, 0),
(200052, 6, 0),
(200053, 6, 0),
(200054, 6, 0),
(200055, 6, 0),
(200056, 6, 0),
(200057, 6, 0),
(200058, 6, 0),
(200059, 6, 0),
(200060, 6, 0),
(200061, 6, 0),
(200062, 6, 0),
(200063, 6, 0),
(200064, 6, 0),
(200065, 6, 0),
(200066, 6, 0),
(200067, 6, 0),
(200068, 6, 1),
(200069, 6, 1),
(200070, 6, 1),
(200071, 6, 1),
(200072, 6, 1),
(200073, 6, 1),
(200074, 6, 1),
(200075, 6, 1),
(200076, 6, 1),
(200077, 6, 1),
(200078, 6, 1),
(200079, 6, 1),
(200080, 6, 1),
(200081, 6, 1),
(200082, 6, 1),
(200083, 6, 1),
(200044, 10, 0), -- seaforium west graveyard horde
(200045, 10, 0),
(200046, 10, 0),
(200113, 10, 0),
(200036, 10, 0), -- seaforium west graveyard alliance
(200037, 10, 0),
(200038, 10, 0),
(200084, 10, 0),
(200041, 9, 0), -- seaforium east graveyard alliance
(200042, 9, 0),
(200043, 9, 0),
(200085, 9, 0),
(200049, 9, 0), -- seaforium east graveyard horde
(200050, 9, 0),
(200051, 9, 0),
(200114, 9, 0);

-- Defender's Portal
DELETE FROM gameobject WHERE guid IN (200029, 200030, 200031, 200032, 200033, 200034, 200035);
INSERT INTO gameobject VALUES
(200029, 191575, 607, 3, 1, 1468.12, -225.7, 30.8969, 5.68042, 0, 0, 0.296839, -0.954928, 25, 0, 1),
(200030, 191575, 607, 3, 1, 1394.07, 72.3632, 31.0541, 0.818809, 0, 0, 0.398063, 0.917358, 25, 0, 1),
(200031, 191575, 607, 3, 1, 1216.12, 47.7665, 54.2785, 4.05465, 0, 0, 0.897588, -0.440835, 25, 0, 1),
(200032, 191575, 607, 3, 1, 1255.73, -233.153, 56.4357, 5.01833, 0, 0, 0.591105, -0.806595, 25, 0, 1),
(200033, 191575, 607, 3, 1, 1065.02, -89.9522, 81.0758, 1.58771, 0, 0, 0.71306, 0.701103, 25, 0, 1),
(200034, 191575, 607, 3, 1, 880.162, -95.979, 109.835, 3.14672, 0, 0, 0.999997, -0.00256531, 25, 0, 1),
(200035, 191575, 607, 3, 1, 880.68, -120.799, 109.835, 3.16636, 0, 0, 0.999923, -0.0123816, 25, 0, 1);

-- Seaforium Bomb
-- docks...
DELETE FROM gameobject WHERE guid IN (200052, 200053, 200054, 200055, 200056, 200057, 200058, 200059, 200060, 200061, 200062, 200063, 200064, 200065, 200066, 200067, 200068, 200069, 200070, 200071, 200072, 200073, 200074, 200075, 200076, 200077, 200078, 200079, 200080, 200081, 200082, 200083, 200084, 200085, 200086);
INSERT INTO gameobject VALUES
(200052, 190753, 607, 3, 1, 1619.71, -122.735, 9.08799, 4.11749, 0, 0, 0.883295, -0.468817, 25, 0, 1),
(200068, 194086, 607, 3, 1, 1619.71, -122.735, 9.08799, 4.11749, 0, 0, 0.883295, -0.468817, 25, 0, 1),
(200053, 190753, 607, 3, 1, 1620.92, -120.946, 9.08799, 4.11749, 0, 0, 0.883295, -0.468817, 25, 0, 1),
(200069, 194086, 607, 3, 1, 1620.92, -120.946, 9.08799, 4.11749, 0, 0, 0.883295, -0.468817, 25, 0, 1),
(200054, 190753, 607, 3, 1, 1622.24, -119.09, 9.08799, 4.1332, 0, 0, 0.879586, -0.475739, 25, 0, 1),
(200070, 194086, 607, 3, 1, 1622.24, -119.09, 9.08799, 4.1332, 0, 0, 0.879586, -0.475739, 25, 0, 1),
(200055, 190753, 607, 3, 1, 1623.53, -117.128, 9.08799, 4.1332, 0, 0, 0.879586, -0.475739, 25, 0, 1),
(200071, 194086, 607, 3, 1, 1623.53, -117.128, 9.08799, 4.1332, 0, 0, 0.879586, -0.475739, 25, 0, 1),
(200056, 190753, 607, 3, 1, 1571.3, -95.7584, 8.45841, 4.12299, 0, 0, 0.882004, -0.471242, 25, 0, 1),
(200072, 194086, 607, 3, 1, 1571.3, -95.7584, 8.45841, 4.12299, 0, 0, 0.882004, -0.471242, 25, 0, 1),
(200057, 190753, 607, 3, 1, 1572.54, -93.9067, 8.45695, 4.12299, 0, 0, 0.882004, -0.471242, 25, 0, 1),
(200073, 194086, 607, 3, 1, 1572.54, -93.9067, 8.45695, 4.12299, 0, 0, 0.882004, -0.471242, 25, 0, 1),
(200058, 190753, 607, 3, 1, 1573.7, -92.1515, 8.45554, 4.12692, 0, 0, 0.881077, -0.472973, 25, 0, 1),
(200074, 194086, 607, 3, 1, 1573.7, -92.1515, 8.45554, 4.12692, 0, 0, 0.881077, -0.472973, 25, 0, 1),
(200059, 190753, 607, 3, 1, 1574.72, -90.5222, 8.45269, 4.17011, 0, 0, 0.870657, -0.49189, 25, 0, 1),
(200075, 194086, 607, 3, 1, 1574.72, -90.5222, 8.45269, 4.17011, 0, 0, 0.870657, -0.49189, 25, 0, 1),
(200060, 190753, 607, 3, 1, 1586.23, 32.0426, 7.79361, 2.37156, 0, 0, 0.926792, 0.375575, 25, 0, 1),
(200076, 194086, 607, 3, 1, 1586.23, 32.0426, 7.79361, 2.37156, 0, 0, 0.926792, 0.375575, 25, 0, 1),
(200061, 190753, 607, 3, 1, 1587.73, 30.6612, 7.79361, 2.39905, 0, 0, 0.931866, 0.362801, 25, 0, 1),
(200077, 194086, 607, 3, 1, 1587.73, 30.6612, 7.79361, 2.39905, 0, 0, 0.931866, 0.362801, 25, 0, 1),
(200062, 190753, 607, 3, 1, 1589.32, 29.2037, 7.79361, 2.39905, 0, 0, 0.931866, 0.362801, 25, 0, 1),
(200078, 194086, 607, 3, 1, 1589.32, 29.2037, 7.79361, 2.39905, 0, 0, 0.931866, 0.362801, 25, 0, 1),
(200063, 190753, 607, 3, 1, 1591.09, 27.585, 7.79361, 2.40297, 0, 0, 0.932577, 0.360971, 25, 0, 1),
(200079, 194086, 607, 3, 1, 1591.09, 27.585, 7.79361, 2.40297, 0, 0, 0.932577, 0.360971, 25, 0, 1),
(200064, 190753, 607, 3, 1, 1621.55, 74.7503, 7.16584, 2.35192, 0, 0, 0.92306, 0.384655, 25, 0, 1),
(200080, 194086, 607, 3, 1, 1621.55, 74.7503, 7.16584, 2.35192, 0, 0, 0.92306, 0.384655, 25, 0, 1),
(200065, 190753, 607, 3, 1, 1622.85, 73.5074, 7.16443, 2.37941, 0, 0, 0.92826, 0.371932, 25, 0, 1),
(200081, 194086, 607, 3, 1, 1622.85, 73.5074, 7.16443, 2.37941, 0, 0, 0.92826, 0.371932, 25, 0, 1),
(200066, 190753, 607, 3, 1, 1624.15, 72.2676, 7.16443, 2.37941, 0, 0, 0.92826, 0.371932, 25, 0, 1),
(200082, 194086, 607, 3, 1, 1624.15, 72.2676, 7.16443, 2.37941, 0, 0, 0.92826, 0.371932, 25, 0, 1),
(200067, 190753, 607, 3, 1, 1625.5, 70.9844, 7.16443, 2.37941, 0, 0, 0.92826, 0.371932, 25, 0, 1),
(200083, 194086, 607, 3, 1, 1625.5, 70.9844, 7.16443, 2.37941, 0, 0, 0.92826, 0.371932, 25, 0, 1);
-- ...and graveyards
DELETE FROM gameobject WHERE guid IN (200036, 200037, 200038, 200041, 200042, 200043, 200044, 200045, 200046, 200049, 200050, 200051, 200084, 200085, 200113, 200114);
INSERT INTO gameobject VALUES
-- west
(200036, 190753, 607, 3, 1, 1398.69, 206.328, 32.0149, 2.95982, 0, 0, 0.995873, 0.0907596, 60, 0, 1),
(200044, 194086, 607, 3, 1, 1398.69, 206.328, 32.0149, 2.95982, 0, 0, 0.995873, 0.0907596, 60, 0, 1),
(200037, 190753, 607, 3, 1, 1396.69, 204.328, 32.0149, 2.99124, 0, 0, 0.997176, 0.0751059, 60, 0, 1),
(200045, 194086, 607, 3, 1, 1396.69, 204.328, 32.0149, 2.99124, 0, 0, 0.997176, 0.0751059, 60, 0, 1),
(200038, 190753, 607, 3, 1, 1395.69, 207.328, 32.0149, 2.99517, 0, 0, 0.997321, 0.0731478, 60, 0, 1),
(200046, 194086, 607, 3, 1, 1395.69, 207.328, 32.0149, 2.99517, 0, 0, 0.997321, 0.0731478, 60, 0, 1),
(200084, 190753, 607, 3, 1, 1395.51, 205.782, 32.0149, 0.741055, 0, 0, 0.362107, 0.932136, 60, 0, 1),
(200113, 194086, 607, 3, 1, 1395.51, 205.782, 32.0149, 0.741055, 0, 0, 0.362107, 0.932136, 60, 0, 1),
-- east
(200041, 190753, 607, 3, 1, 1410.51, -296.782, 31.5003, 0.713566, 0, 0, 0.349262, 0.937025, 60, 0, 1),
(200049, 194086, 607, 3, 1, 1410.51, -296.782, 31.5003, 0.713566, 0, 0, 0.349262, 0.937025, 60, 0, 1),
(200042, 190753, 607, 3, 1, 1409.51, -299.982, 31.5003, 0.713566, 0, 0, 0.349262, 0.937025, 60, 0, 1),
(200050, 194086, 607, 3, 1, 1409.51, -299.982, 31.5003, 0.713566, 0, 0, 0.349262, 0.937025, 60, 0, 1),
(200043, 190753, 607, 3, 1, 1414.51, -300.782, 31.5003, 0.741055, 0, 0, 0.362107, 0.932136, 60, 0, 1),
(200051, 194086, 607, 3, 1, 1414.51, -300.782, 31.5003, 0.741055, 0, 0, 0.362107, 0.932136, 60, 0, 1),
(200085, 190753, 607, 3, 1, 1413.51, -297.782, 31.5003, 0.741055, 0, 0, 0.362107, 0.932136, 60, 0, 1),
(200114, 194086, 607, 3, 1, 1413.51, -297.782, 31.5003, 0.741055, 0, 0, 0.362107, 0.932136, 60, 0, 1);

-- ScriptDev2 scripts
UPDATE creature_template SET ScriptName='npc_sa_cannon' WHERE entry=27894;
UPDATE creature_template SET ScriptName='npc_sa_demolisher' WHERE entry=28781;
-- UPDATE creature_template SET ScriptName='npc_sa_vendor' WHERE entry IN (29260, 29262);
UPDATE gameobject_template SET ScriptName='go_sa_def_portal' WHERE entry=191575;

-- Immune masks for SOTA's vehicles
UPDATE creature_template SET mechanic_immune_mask=mechanic_immune_mask
|16384      -- BLEED
|536870912  -- SAPPED
|16777216   -- SLEEP
|65536      -- POLYMORPH
|2048       -- STUN
|8192       -- KNOCKOUT
|8388608    -- HORROR
|16         -- FEAR
WHERE entry IN (32795,27894,28781,32796);
